﻿<?xml version="1.0" encoding="utf-8" ?>
<StandardCsvSettings>
  <ColumnsToRead StartIndex="3">
    <!-- skip count = 1 for std. -->
    <!-- this is 0 based index. Start Reading from Column D -->
    <ColumnName>TotalCopies</ColumnName>
  </ColumnsToRead>
  <VersionNames>
    <Row VersionId="VERSION ID:" LineNumber="11"></Row>
  </VersionNames>
  <PieceWeightInfos>
    <Row PieceWeightInfo="PIECE WEIGHT(OZ)" LineNumber="12"></Row>
    <Row PieceWeightInfo="PIECE WEIGHT(LBS)" LineNumber="13"></Row>
  </PieceWeightInfos>
  <PartD>

    <Row DestinationEntry="Origin" Sortation="5 Digit" LineNumber="14"></Row>
    <Row DestinationEntry="Origin" Sortation="3 Digit" LineNumber="15"></Row>
    <Row DestinationEntry="Origin" Sortation="ADC" LineNumber="16"></Row>
    <Row DestinationEntry="Origin" Sortation="MADC" LineNumber="17"></Row>

    <Row DestinationEntry="NDC" Sortation="5 Digit" LineNumber="19"></Row>
    <Row DestinationEntry="NDC" Sortation="3 Digit" LineNumber="20"></Row>
    <Row DestinationEntry="NDC" Sortation="MADC" LineNumber="21"></Row>
    <Row DestinationEntry="NDC" Sortation="5 Digit" LineNumber="22"></Row>

    <Row DestinationEntry="SCF" Sortation="5 Digit" LineNumber="24"></Row>
    <Row DestinationEntry="SCF" Sortation="3 Digit" LineNumber="25"></Row>
    <Row DestinationEntry="SCF" Sortation="MADC" LineNumber="26"></Row>
    <Row DestinationEntry="SCF" Sortation="5 Digit" LineNumber="27"></Row>

  </PartD>
  <PartE>

    <Row DestinationEntry="Origin" Sortation="5 Digit" LineNumber="31"></Row>
    <Row DestinationEntry="Origin" Sortation="3 Digit" LineNumber="32"></Row>
    <Row DestinationEntry="Origin" Sortation="ADC" LineNumber="33"></Row>
    <Row DestinationEntry="Origin" Sortation="MADC" LineNumber="34"></Row>

    <Row DestinationEntry="NDC" Sortation="5 Digit" LineNumber="36"></Row>
    <Row DestinationEntry="NDC" Sortation="3 Digit" LineNumber="37"></Row>
    <Row DestinationEntry="NDC" Sortation="MADC" LineNumber="38"></Row>
    <Row DestinationEntry="NDC" Sortation="5 Digit" LineNumber="39"></Row>

    <Row DestinationEntry="SCF" Sortation="5 Digit" LineNumber="41"></Row>
    <Row DestinationEntry="SCF" Sortation="3 Digit" LineNumber="42"></Row>
    <Row DestinationEntry="SCF" Sortation="MADC" LineNumber="43"></Row>
    <Row DestinationEntry="SCF" Sortation="5 Digit" LineNumber="44"></Row>

  </PartE>
</StandardCsvSettings>
