PHASE THREE HIGH DENSITY SUMMARY REPORT,,,
COPS 5.6.0.0,,,
DATE:, 2/1/2018, TIME:, 9:02 AM
,,,
,,,
Co-Bind Event Name:, 78151SC,,
,,,
,,GROUP ID:,SC01
,,PHASE 1 SEGMENT ID:,SAMSCLUB
,,PHASE 2 SEGMENT ID:,SAMSCLUB
,,VERSION ID:,158
,,PIECE WEIGHT(OZ),3.072
,,PIECE WEIGHT(LBS),0.192
D,Origin,5 Digit,28295
D,Origin,3 Digit,1275
D,Origin,ADC,13
D,Origin,MADC,8
,,,
D,NDC,5 Digit,0
D,NDC,3 Digit,0
D,NDC,ADC,0
D,NDC,MADC,0
,,,
D,SCF,5 Digit,2
D,SCF,3 Digit,0
D,SCF,ADC,0
D,SCF,MADC,0
,,,
,,,
,,,
E,Origin,5 Digit,0
E,Origin,3 Digit,0
E,Origin,ADC,0
E,Origin,MADC,0
,,,
E,NDC,5 Digit,0
E,NDC,3 Digit,0
E,NDC,ADC,0
E,NDC,MADC,0
,,,
E,SCF,5 Digit,0
E,SCF,3 Digit,0
E,SCF,ADC,0
E,SCF,MADC,0
,,,
,,,
,,,
F,Origin,Cart SAT,0
F,Origin,Cart HD Plus,0
F,Origin,Cart HD,0
F,Origin,Cart Basic,41
F,Origin,CR BUNDLE/PALLET,0
,,,
F,NDC,Cart SAT,0
F,NDC,Cart HD Plus,0
F,NDC,Cart HD,0
F,NDC,Cart Basic,196311
F,NDC,CR BUNDLE/PALLET,6694
,,,
F,SCF,Cart SAT,0
F,SCF,Cart HD Plus,0
F,SCF,Cart HD,0
F,SCF,Cart Basic,520442
F,SCF,CR BUNDLE/PALLET,19238
